{
    "predict": {
        "APET": {
            "x": [
                3.0,
                6.0,
                9.0,
                11.0,
                12.0
            ],
            "y": [
                1.7037651432123275,
                1.7693333178521844,
                1.7787766435505923,
                1.7979585989274007,
                1.9304180593565534
            ]
        },
        "TPET": {
            "x": [
                3.0,
                6.0,
                9.0,
                11.0,
                12.0
            ],
            "y": [
                1.280493662994179,
                1.2930079443619786,
                1.328899286950989,
                1.387416558503003,
                1.6444718895619048
            ]
        },
        "NPET": {
            "x": [],
            "y": []
        },
        "ACSF": {
            "x": [
                3.0,
                9.0,
                11.0,
                12.0
            ],
            "y": [
                203.1588235294118,
                190.78048780487805,
                184.77314814814815,
                144.74918566775244
            ]
        },
        "TpCSF": {
            "x": [
                3.0,
                9.0,
                11.0,
                12.0
            ],
            "y": [
                27.992810457516338,
                34.88780487804879,
                34.23425925925927,
                47.93029315960911
            ]
        },
        "TCSF": {
            "x": [
                3.0,
                9.0,
                11.0,
                12.0
            ],
            "y": [
                36.94509803921568,
                45.10243902439023,
                53.46574074074072,
                71.20456026058639
            ]
        },
        "TtCSF": {
            "x": [
                3.0,
                9.0,
                11.0,
                12.0
            ],
            "y": [
                64.93790849673202,
                79.99024390243902,
                87.69999999999999,
                119.1348534201955
            ]
        }
    }
}